0000001.jpeg,painting,flowers,plants,colorful,cup
0000002.jpeg,nude,nu,body,painting,expressionism,female,woman
0000003.jpeg,painting,portrait,cubism,male,man,hat
0000004.jpeg,painting,portrait,cubism,male,man,hat
0000005.jpeg,painting,portrait,cubism,male,man,hat
0000006.jpeg,nude,painting,nu,cubism,female,woman
0000007.jpeg,design,constructivism,stage,women,flowers,patterns
0000008.jpeg,design,constructivism,sketches,writings,russian
0000009.jpeg,body,nude,painting,nu,impressionism,female,woman
0000010.jpeg,portrait,impressionism,female,woman,body
0000011.jpeg,painting,impressionism,flowers,plants,flowerpot
0000012.jpeg,impressionism,food,meat,beverages,knife
0000013.jpeg,vanitas,expressionism,books,letters,writing,skeletons,skulls
0000014.jpeg,flower,painting,impressionism,flowers,plants,flowerpot
0000015.jpeg,design,cubism,design,geometric
0000016.jpeg,painting,animal,dog,cute
0000017.jpeg,painting,landscape,scenery,scenery,hills,scenery,countryside
0000018.jpeg,landscape,scenery,scenery,scenery,countryside,day,tree
0000019.jpeg,vanitas,skeletons,skulls,scary,dark
0000020.jpeg,sea,marine,waves,oceans,rocks,scenery
0000021.jpeg,garden,parks,table,trees,nature,flowerpots,sunlight
0000022.jpeg,portrait,chair,sit,male,man,painting
0000023.jpeg,portrait,animal,dog,grumpy,head,painting
0000024.jpeg,portrait,female,woman,beautiful,nude
0000025.jpeg,portrait,female,woman,chair,sit
0000026.jpeg,sea,marine,waves,oceans,rocks,scenery,landscape,scenery,scenery,cliffs,rocks
0000027.jpeg,portrait,male,man,famous,dog,pet,animal,loyal
0000028.jpeg,portrait,face,child,painting
0000029.jpeg,self,portrait,sit,pose,male,man,canvas
0000030.jpeg,portrait,male,man,famous,elder,painting
0000031.jpeg,portrait,male,man,famous,elder,painting
0000032.jpeg,portrait,face,male,man,painting
0000033.jpeg,portrait,male,man,famous,elder,book,painting
0000034.jpeg,self,portrait,male,man,glasses,hat,painting
0000035.jpeg,portrait,face,male,man,painting
0000036.jpeg,portrait,male,man,famous,painting
0000037.jpeg,portrait,face,female,woman
0000038.jpeg,portrait,male,sad,sketch,white,expressionism
0000039.jpeg,nude,painting,expressionism,female,child
0000040.jpeg,nude,body,painting,expressionism,male,man
0000041.jpeg,nude,nu,human,hair,body
0000042.jpeg,illustration,crowded,people,symbolic,boat,fish
0000043.jpeg,portrait,face,female,woman,expressionism
0000044.jpeg,painting,naive,primitivism,symbolic,jungle,boat,crowded,clutter
0000045.jpeg,portrait,male,man,elder,sit,painting
0000046.jpeg,expressionism,symbolic,art,painting
0000047.jpeg,nude,naive,art,primitivism,symbolic,female,male,clutter
0000048.jpeg,illustration,naive,art,primitivism,fictional,symbolic,clutter,boat
0000049.jpeg,portrait,expressionism,male,man,sit,painting
0000050.jpeg,painting,expressionism,double,children,kids,lie
0000051.jpeg,study,expressionism,female,child,body
0000052.jpeg,painting,portrait,expressionism,female,woman
0000053.jpeg,painting,portrait,expressionism,double,couple,man,woman
0000054.jpeg,religious,painting,expressionism,symbolic,female,woman
0000055.jpeg,painting,portrait,expressionism,children,hold
0000056.jpeg,painting,portrait,face,expressionism,male
0000057.jpeg,painting,portrait,expressionism,female,woman
0000058.jpeg,poster,expressionism,scary,advertisements,letters,writing
0000059.jpeg,portrait,expressionism,female,painting,sit
0000060.jpeg,portrait,expressionism,male,painting
0000061.jpeg,portrait,expressionism,male,painting
0000062.jpeg,landscape,scenery,scenery,expressionism,winter,mountains,sun,scene
0000063.jpeg,painting,expressionism,animal,colors,clutter
0000064.jpeg,religious,painting,expressionism,allegories,symbols,annunciation
0000065.jpeg,portrait,expressionism,male,man,painting
0000066.jpeg,religious,painting,expressionism,christianity,jesus,christ,crucifixion,symbols
0000067.jpeg,portrait,expressionism,female,painting
0000068.jpeg,nude,painting,nu,expressionism,female,colors,symbols
0000069.jpeg,self,portrait,expressionism,male,painting
0000070.jpeg,self,portrait,expressionism,male,painting,famous,dark
0000071.jpeg,portrait,expressionism,female,child,painting
0000072.jpeg,portrait,expressionism,male,sit,window,book,room,painting
0000073.jpeg,sketch,study,expressionism,male,lie,nude
0000074.jpeg,nude,painting,nu,expressionism,female,painting
0000075.jpeg,landscape,scenery,scenery,plateau,expressionism,roads,vehicles,cliffs,rocks,scenery,sun,mountains
0000076.jpeg,nude,painting,nu,expressionism,female,male,couple
0000077.jpeg,portrait,expressionism,male,elder,sit,painting
0000078.jpeg,painting,expressionism,allegories,symbols,colorful,painting
0000079.jpeg,self,portrait,expressionism,male,famous,white,black,sketch
0000080.jpeg,expressionism,male,white,black,symbolic
0000081.jpeg,illustration,expressionism,allegories,symbols,black,white
0000082.jpeg,illustration,expressionism,allegories,symbols,black,white
0000083.jpeg,illustration,expressionism,allegories,symbols,black,white
0000084.jpeg,illustration,expressionism,allegories,symbols,black,white
0000085.jpeg,illustration,expressionism,allegories,symbols,black,white
0000086.jpeg,illustration,expressionism,allegories,symbols,black,white
0000087.jpeg,portrait,expressionism,male,painting
0000088.jpeg,allegorical,expressionism,allegories,symbols,clutter,crowd,painting
0000089.jpeg,portrait,expressionism,male,lie,painting
0000090.jpeg,portrait,expressionism,male,painting
0000091.jpeg,self,portrait,expressionism,allegories,symbols,male,lie,clutter,colorful
0000092.jpeg,nude,painting,nu,expressionism,female,male,couple,love,lie,clutter,colorful
0000093.jpeg,portrait,expressionism,female,woman,sit,painting,colors
0000094.jpeg,painting,portrait,expressionism,couples,female,male,colorful
0000095.jpeg,painting,expressionism,double,couple,portrait
0000096.jpeg,illustration,naive,art,primitivism,girl,colors
0000097.jpeg,illustration,naive,art,primitivism,girl,colors
0000098.jpeg,illustration,naive,art,primitivism,couple,love
0000099.jpeg,illustration,naive,art,primitivism,sleep
0000100.jpeg,illustration,naive,art,primitivism,symbolic
0000101.jpeg,self,portrait,expressionism,male,worried,painting
0000102.jpeg,scenery,city,cityscape,expressionism,houses,buildings,river,colorful
0000103.jpeg,allegorical,painting,expressionism,allegories,symbols,guys,dance,colors
0000104.jpeg,portrait,expressionism,double,couple,female,male,painting
0000105.jpeg,portrait,expressionism,mother,child,colors,painting
0000106.jpeg,scenery,city,cityscape,expressionism,houses,buildings,river,colorful
0000107.jpeg,portrait,expressionism,female,painting,scenery
0000108.jpeg,scenery,city,cityscape,expressionism,houses,buildings,river,colorful
0000109.jpeg,portrait,expressionism,mother,child,painting
0000110.jpeg,self,portrait,expressionism,male,famous,painting
0000111.jpeg,scenery,city,cityscape,expressionism,houses,buildings,bridge,river,colorful
0000112.jpeg,self,portrait,expressionism,male,famous,colors,painting
0000113.jpeg,portrait,expressionism,male,painting
0000114.jpeg,scenery,city,cityscape,expressionism,houses,buildings,river,colorful
0000115.jpeg,scenery,city,cityscape,expressionism,houses,buildings,bridges,boats,river,colorful
0000116.jpeg,portrait,expressionism,female,animal,dog,colors,painting
0000117.jpeg,scenery,city,cityscape,expressionism,houses,buildings,river,birds,colorful
0000118.jpeg,portrait,expressionism,male,hat,local,painting
0000119.jpeg,scenery,city,cityscape,expressionism,houses,buildings,river,colorful,painting
0000120.jpeg,portrait,expressionism,family,baby,colorful,painting
0000121.jpeg,portrait,expressionism,female,woman,colorful,painting
0000122.jpeg,scenery,city,cityscape,painting,expressionism,houses,buildings,river
0000123.jpeg,scenery,city,cityscape,crowded,expressionism,houses,buildings,bridge,river,colorful
0000124.jpeg,self,portrait,expressionism,male,famous,colorful,painting
0000125.jpeg,allegorical,painting,expressionism,allegories,symbols,cat,male,table,knives,painting
0000126.jpeg,painting,expressionism,allegories,symbols,mythology,people
0000127.jpeg,painting,expressionism,allegories,symbols,crowd,people,city,fire,clutter
0000128.jpeg,portrait,expressionism,male,religious,religion,priest,symbols,colorful,painting
0000129.jpeg,self,portrait,expressionism,male,famous,painting
0000130.jpeg,painting,expressionism,allegories,symbols,couple,humans
0000131.jpeg,painting,expressionism,countryside,city,scenery,crowd,clutter
0000132.jpeg,religious,painting,naive,art,primitivism,clutter
0000133.jpeg,painting,ukiyo,japanese,mother,child,writing
0000134.jpeg,portrait,ukiyo,japanese,male,elder,famous,letters
0000135.jpeg,mythological,painting,ukiyo,japanese,beasts,dragons,allegorical,writings
0000136.jpeg,portrait,ukiyo,japanese,sumo,male,big,fat,writings
0000137.jpeg,landscape,scenery,scenery,realism,cottages,farmhouses,scenery,trees,nature
0000138.jpeg,portrait,romanticism,painting,female,elder,aunt,dark
0000139.jpeg,landscape,scenery,scenery,romanticism,fires,floods,forests,trees,nature,gray,gloomy
0000140.jpeg,realism,architecture,cottage,wood,wreck,gray
0000141.jpeg,portrait,romanticism,male,man,armed,weapon
0000142.jpeg,religious,painting,romanticism,christianity,jesus,christ,divine,miracles,healing,gray
0000143.jpeg,religious,painting,romanticism,christianity,jesus,christ,divine,miracles,healing
0000144.jpeg,religious,painting,romanticism,christianity,jesus,christ,divine,miracles,healing,gray
0000145.jpeg,sketch,study,realism,furniture,decoration,cottages,farmhouse
0000146.jpeg,sketch,study,realism,doors,windows,rooftops
0000147.jpeg,painting,realism,romanticism,animal,vehicle,countryside,river,waterfall,horse,rider
0000148.jpeg,landscape,scenery,scenery,realism,winter,fields,plains,painting
0000149.jpeg,religious,painting,realism,christianity,jesus,christ,crowd,people,meet
0000150.jpeg,landscape,scenery,scenery,realism,romanticism,horse,riders,painting
0000151.jpeg,painting,romanticism,rituals,traditions,city,castle,people,dogs
0000152.jpeg,landscape,scenery,scenery,realism,sea,coast,rocks,scenery,painting
0000153.jpeg,religious,painting,romanticism,christianity,ritual,dark
0000154.jpeg,realism,boat,sea,beach,cliff,painting
0000155.jpeg,landscape,scenery,scenery,realism,road,forest,trees,nature,lonely,person
0000156.jpeg,portrait,realism,female,woman,local,traditions,traditional
0000157.jpeg,landscape,scenery,scenery,realism,cliffs,sea,beach,scenery
0000158.jpeg,landscape,scenery,scenery,romanticism,animals,horses,gardens,gate,trees,nature,parks,horses
0000159.jpeg,landscape,scenery,scenery,romanticism,gates,forest,trees,nature,grass,environment
0000160.jpeg,landscape,scenery,scenery,realism,lakes,ponds,forests,trees,nature,environment,cottage
0000161.jpeg,portrait,romanticism,female,girl,young,sad,armchair,dark
0000162.jpeg,religious,painting,romanticism,christianity,people,crowd
0000163.jpeg,religious,painting,romanticism,christianity,people,crowd
0000164.jpeg,landscape,scenery,scenery,realism,house,forests,trees,nature,garden,painting
0000165.jpeg,animal,horse,painting,realism,wall
0000166.jpeg,flowers,plants,leaves,green,painting
0000167.jpeg,realism,houses,buildings,doors,windows,stones
0000168.jpeg,portrait,realism,female,woman,traditional,local
0000169.jpeg,cityscape,castle,stone,building,realism,twilight,night,painting
0000170.jpeg,historical,painting,romanticism,military,soldiers
0000171.jpeg,portrait,realism,female,young,girl,blonde,sad,melancholic
0000172.jpeg,sketch,study,realism,countryside,river,bridge,city,people,crowd
0000173.jpeg,religious,painting,realism,christianity,people,painting
0000174.jpeg,animal,horse,painting,realism
0000175.jpeg,realism,male,elder,portrait,traditional,local
0000176.jpeg,portrait,realism,female,woman,traditional,local,painting
0000177.jpeg,landscape,scenery,scenery,realism,animals,mountains,scenery,white
0000178.jpeg,portrait,realism,realistic,male,man,sit
0000179.jpeg,sketch,study,realism,roads,vehicles,horses,white
0000180.jpeg,interior,realism,furniture,decoration,design,windows,room
0000181.jpeg,cityscape,realism,buildings,farmhouse,architecture,scenery,day
0000182.jpeg,landscape,scenery,scenery,realism,autumn,gardens,parks,forest,green,scenery,painting
0000183.jpeg,landscape,scenery,scenery,realism,lakes,ponds,gardens,parks,scenery,buildings,day
0000184.jpeg,sketch,study,white,realism,countryside,cottages,farmhouse,man,horse
0000185.jpeg,realism,palace,building,architecture,sunlight
0000186.jpeg,interior,realism,furniture,decoration,palace,design,sunlight
0000187.jpeg,landscape,scenery,scenery,realism,cottages,farmhouse,architecture,roads,fields,day
0000188.jpeg,painting,realism,garden,park,villa,residence,walking,woman,elder
0000189.jpeg,interior,realism,furniture,decoration,windows,man,reading,alone
0000190.jpeg,realism,colonnades,monument,statue,architecture,painting
0000191.jpeg,painting,realism,punishment,torture,prison,prisoner,woman,alone,sunlight
0000192.jpeg,landscape,scenery,scenery,realism,lakes,ponds,scenery,forest,trees,nature,flowers
0000193.jpeg,portrait,realism,female,woman,white,gray
0000194.jpeg,portrait,realism,male,beard,glass,famous,white,gray
0000195.jpeg,portrait,romanticism,male,famous,chair,sit,dark
0000196.jpeg,portrait,realism,male,elder,man,white,gray
0000197.jpeg,landscape,scenery,scenery,realism,river,boat,scenery,painting
0000198.jpeg,marine,realism,boat,sailors,sea,ocean,painting
0000199.jpeg,flowers,flowerpot,vase,painting,realism,painting
0000200.jpeg,flowers,flowerpot,vase,painting,realism,painting
0000201.jpeg,painting,realism,crypt,dungeon,prison,prisoners,gray
0000202.jpeg,landscape,scenery,scenery,realism,river,mill,windmill,architecture,forest,trees,nature
0000203.jpeg,painting,realism,boat,river,lilly,trees,nature,nature,scenery,people
0000204.jpeg,sketch,realism,palace,colonnades,egyptian,people,crowd,historical,white
0000205.jpeg,landscape,scenery,scenery,realism,lake,pond,forest,trees,nature,nature,scenery
0000206.jpeg,landscape,scenery,scenery,realism,forest,trees,nature,scenery,sunlight,natural
0000207.jpeg,landscape,scenery,scenery,realism,river,forests,trees,nature,natural,day
0000208.jpeg,landscape,scenery,scenery,realism,river,forests,trees,nature,natural,day
0000209.jpeg,landscape,scenery,scenery,realism,winter,snow,countryside,cottages,farmhouses,architecture,scenery
0000210.jpeg,landscape,scenery,scenery,realism,countryside,cottages,houses,farmhouses,trees,nature
0000211.jpeg,landscape,scenery,scenery,realism,river,scenery,trees,nature,painting
0000212.jpeg,landscape,scenery,scenery,realism,river,forests,trees,nature,scenery,nature
0000213.jpeg,landscape,scenery,scenery,realism,forests,trees,nature,natural,peasant,woman
0000214.jpeg,portrait,realism,male,man,painting,black,white
0000215.jpeg,landscape,scenery,scenery,realism,river,mountains,scenery,natural,day
0000216.jpeg,landscape,scenery,scenery,realism,lake,pond,sea,mountains,scenery,painting
0000217.jpeg,landscape,scenery,scenery,realism,sea,ocean,mountains,day,scenery,painting
0000218.jpeg,sketch,drawing,realism,characters,people,boat,white
0000219.jpeg,landscape,scenery,scenery,realism,garden,day,scenery,trees,nature,fences
0000220.jpeg,landscape,scenery,scenery,realism,mountains,trees,nature,scenery,painting
0000221.jpeg,cityscape,realism,ruins,columns,arcades,colonnades,stones,arcs,historical,greek,trees,nature,scenery
0000222.jpeg,cityscape,realism,ruins,columns,arcades,colonnades,stones,arcs,historical,greek,trees,nature,scenery
0000223.jpeg,landscape,scenery,scenery,realism,house,architecture,scenery,sea,boats,day,painting
0000224.jpeg,landscape,scenery,scenery,realism,house,architecture,scenery,sea,boats,day,painting
0000225.jpeg,cityscape,realism,houses,building,castle,fortress,scenery,painting
0000226.jpeg,landscape,scenery,scenery,realism,walls,cottages,trees,nature,scenery,painting
0000227.jpeg,landscape,scenery,scenery,realism,walls,cottages,scenery,painting
0000228.jpeg,landscape,scenery,scenery,realism,sea,coast,scenery,painting
0000229.jpeg,painting,realism,person,local,traditional,dark
0000230.jpeg,painting,realism,folk,people,architecture,houses,stones,trees,nature,day
0000231.jpeg,cityscape,realism,historical,architecture,dome,temple,trees,nature,day,sunlight
0000232.jpeg,city,cityscape,realism,castle,fortress,gates,towers,architecture,folk,people,scenery
0000233.jpeg,landscape,scenery,scenery,realism,walls,building,architecture,trees,nature,painting
0000234.jpeg,landscape,scenery,scenery,realism,scenery,trees,nature,people,painting
0000235.jpeg,cityscape,realism,arcades,colonnades,ruins,architecture,historical,greek,temple,stones
0000236.jpeg,portrait,realism,art,female,woman,painter,painting
0000237.jpeg,painting,realism,famous,people,men,lamps,musical,instruments,piano,practice
0000238.jpeg,sketch,drawing,realism,male,portraits,characters,emotions,children,white
0000239.jpeg,realism,ruins,columns,palace,colonnades,greek,ruins,architecture,historical
0000240.jpeg,cityscape,realism,arcades,colonnades,architecture,historical,columns,ruins,sunlight
0000241.jpeg,portrait,realism,male,elder,beard,angry,grumpy,painting
0000242.jpeg,landscape,scenery,scenery,realism,sea,ocean,mountains,scenery,painting
0000243.jpeg,landscape,scenery,scenery,realism,lake,pond,cottage,trees,nature,scenery,nature,painting
0000244.jpeg,landscape,scenery,scenery,realism,river,forests,trees,nature,scenery,day,painting
0000245.jpeg,painting,realism,man,carry,handwork,snow,winter
0000246.jpeg,religious,painting,realism,christianity,crowd,people,temple,historical,scene
0000247.jpeg,cityscape,realism,houses,buildings,trees,nature,scenery,day,sunlight
0000248.jpeg,history,painting,realism,celebrations,festival,crowd,people,scene
0000249.jpeg,interior,realism,palace,mausoleum,arcades,colonnades,monument,statues,architecture,historical,design
0000250.jpeg,painting,realism,cottages,farmhouses,military,soldiers,flags,architecture,scene,day,painting
0000251.jpeg,landscape,scenery,scenery,realism,cemetery,death,deads,mountains,scene,painting
0000252.jpeg,landscape,scenery,scenery,realism,lake,pond,cottage,scenery,nature,day,scenery,painting
0000253.jpeg,landscape,scenery,scenery,realism,castle,fortress,staircases,trees,nature,scenery,painting
0000254.jpeg,landscape,scenery,scenery,realism,river,waterfall,valley,mountains,scenery,circle
0000255.jpeg,landscape,scenery,scenery,realism,ruins,columns,cliffs,rocks,scenery,painting
0000256.jpeg,portrait,face,realism,male,man,beard,elder,painting
0000257.jpeg,portrait,face,realism,male,man,beard,elder,painting
0000258.jpeg,religious,painting,realism,christianity,crowd,people,temple,historical,scene
0000259.jpeg,sketch,drawing,realism,christianity,jesus,famous,portrait,face,white
0000260.jpeg,portrait,profile,face,realism,male,man,beard,painting
0000261.jpeg,portrait,face,realism,male,man,bears,hat,sleep,painting
0000262.jpeg,cityscape,realism,house,building,stones,staircases,trees,nature,white
0000263.jpeg,realism,hand,fingers,pointing,painting
0000264.jpeg,landscape,scenery,scenery,realism,river,scenery,forests,trees,nature,day,painting
0000265.jpeg,landscape,scenery,scenery,realism,sea,ocean,mountains,cliffs,scenery,painting
0000266.jpeg,realism,hand,fingers,fist,hold,stick,painting
0000267.jpeg,landscape,scenery,scenery,realism,sea,beach,coast,mountains,rocks,cliffs,painting
0000268.jpeg,realism,male,man,local,traditional,profile,portrait
0000269.jpeg,realism,female,woman,profile,portrait,thoughtful,white
0000270.jpeg,sketch,drawing,realism,famous,people,men,conversation,white
0000271.jpeg,landscape,scenery,scenery,realism,countryside,cottages,farmhouses,architecture,nature,trees,nature
0000272.jpeg,portrait,realism,male,elder,beard,friar,monk,priest
0000273.jpeg,painting,child,realism,diseae,sick,ill,rest,treatment,lamp,light,dark
0000274.jpeg,sketch,realism,christianity,jesus,christ,portrait,face,famous,man
0000275.jpeg,religious,painting,realism,christianity,jesus,christ,famous,man,male
0000276.jpeg,religious,painting,realism,christianity,crowd,people,temple,historical,scene
0000277.jpeg,landscape,scenery,scenery,realism,sea,rocks,man,local,peasant,scenery
0000278.jpeg,landscape,scenery,scenery,realism,river,nature,scenery,spring,day
0000279.jpeg,landscape,scenery,scenery,realism,river,waterfall,ducks,scenery,nature,painting
0000280.jpeg,cityscape,realism,castle,tower,architecture,trees,nature,painting
0000281.jpeg,landscape,scenery,scenery,realism,countryside,river,cottages,farmhouses,architecture,scenery,day,clouds
0000282.jpeg,landscape,scenery,scenery,realism,autumn,lake,pond,forests,trees,nature,scenery
0000283.jpeg,landscape,scenery,scenery,realism,city,tree,scenery,river,architecture
0000284.jpeg,portrait,realism,male,reading,writing,sketch,drawing,white
0000285.jpeg,landscape,scenery,scenery,realism,winter,snow,scenery,trees,nature,nature
0000286.jpeg,landscape,scenery,scenery,realism,winter,river,fields,plains,scenery
0000287.jpeg,landscape,scenery,scenery,scenery,realism,winter,river,fields,plains
0000288.jpeg,landscape,scenery,scenery,scenery,realism,winter,river,fields,plains
0000289.jpeg,landscape,scenery,scenery,scenery,realism,cottages,farmhouses,architecture,gray
0000290.jpeg,landscape,scenery,scenery,scenery,realism,swamp,lake,ponds,gray
0000291.jpeg,landscape,scenery,scenery,scenery,realism,river,cottage,house,hills
0000292.jpeg,study,art,nouveau,modern,gate,design,geometric,patterns
0000293.jpeg,landscape,scenery,scenery,scenery,realism,autumn,river,forests,trees,nature,day
0000294.jpeg,landscape,scenery,scenery,scenery,realism,autumn,river,forests,trees,nature,day
0000295.jpeg,painting,interior,realism,designs,staircases,curtains,lanterns
0000296.jpeg,realism,male,portrait,famous,man,beard,profile,thoughtful,white
0000297.jpeg,painting,realism,road,woman,local,tree,cliffs
0000298.jpeg,portrait,realism,male,elder,beard,local,traditional
0000299.jpeg,landscape,scenery,scenery,scenery,realism,sunrise,sunset,fields,plains,nature
0000300.jpeg,cityscape,impressionism,painting,houses,buildings,ship,sea
0000301.jpeg,city,cityscape,impressionism,painting,houses,buildings
0000302.jpeg,religious,painting,realism,christianity,jesus,christ,temple,staircases,arcades,colonnades
0000303.jpeg,religious,painting,realism,christianity,jesus,christ,baptism,people,scenery,river,trees,nature
0000304.jpeg,cityscape,impressionism,houses,buildings,sea,river,boats,ships
0000305.jpeg,cityscape,impressionism,houses,buildings,sea,river,boats,ships
0000306.jpeg,landscape,scenery,scenery,scenery,realism,countryside,river,boats,cottages,farmhouses
0000307.jpeg,landscape,scenery,scenery,realism,cemetery,tombs,temple,trees,nature
0000308.jpeg,landscape,scenery,scenery,realism,cemetery,tombs,temple,trees,nature
0000309.jpeg,marina,scenery,realism,boats,ships,sea,bay
0000310.jpeg,scenery,landscape,scenery,scenery,realism,cliffs,rocks,cottage,trees,nature,forest
0000311.jpeg,landscape,scenery,scenery,scenery,realism,mountains,cliffs,rocks
0000312.jpeg,landscape,scenery,scenery,scenery,realism,mountains,winter,trees,nature
0000313.jpeg,landscape,scenery,scenery,scenery,realism,river,castle,buildings,hill
0000314.jpeg,landscape,scenery,scenery,scenery,realism,river,trees,nature,nature
0000315.jpeg,landscape,scenery,scenery,scenery,river,realism,egypt,egyptian,pyramids,architecture,historical
0000316.jpeg,landscape,scenery,scenery,scenery,realism,sea,mountains,hills,cliffs,rocks
0000317.jpeg,religious,painting,realism,christianity,jesus,christ,temple,pray
0000318.jpeg,religious,painting,realism,christianity,jesus,christ,man,male,mountains,cliffs
0000319.jpeg,religious,painting,realism,handwork,local,peasant,city,walls,buildings
0000320.jpeg,landscape,scenery,scenery,scenery,realism,city,lonely,person,mountain,hill,trees,nature
0000321.jpeg,religious,painting,realism,christianity,jesus,christ,man,lonely,mountains,cliff
0000322.jpeg,religious,painting,realism,christianity,saints,men,sea,boats
0000323.jpeg,building,realism,saints,staircases,stones,person
0000324.jpeg,religious,painting,realism,christianity,jesus,christ,man,lonely,mountains
0000325.jpeg,landscape,scenery,scenery,scenery,realism,river,valley,nature,trees,nature
0000326.jpeg,religious,painting,realism,christianity,jesus,christ,people,house,scene
0000327.jpeg,religious,painting,realism,allegories,symbols,interior,people,scene,women
0000328.jpeg,religious,painting,realism,christianity,jesus,christ,pray,elder,child
0000329.jpeg,painting,landscape,scenery,scenery,scenery,realism,river,waterfall,nature,trees,nature
0000330.jpeg,scenery,city,religious,painting,realism,christianity,saints,apostles,jesus,christ,men
0000331.jpeg,religious,painting,realism,christianity,jesus,christ,apostles,conversation,river
0000332.jpeg,religious,painting,realism,christianity,jesus,christ,apostles,conversation
0000333.jpeg,self,portrait,realism,male,famous,man,sketch,drawing
0000334.jpeg,landscape,scenery,scenery,scenery,realism,autumn,hill
0000335.jpeg,painting,landscape,scenery,scenery,scenery,realism,autumn,river,valley
0000336.jpeg,religious,painting,realism,christianity,jesus,christ,pray,elder,child
0000337.jpeg,landscape,scenery,scenery,scenery,realism,river,nature
0000338.jpeg,landscape,scenery,scenery,scenery,realism,winter,field,plain,railway,trees,nature
0000339.jpeg,design,realism,architecture,plan,top,building,tower
0000340.jpeg,religious,painting,realism,christianity,saints,apostles,people,boats,mountains
0000341.jpeg,landscape,scenery,scenery,scenery,realism,architecture,arcades,colonnades,monument,statue,greek,sea,mountains
0000342.jpeg,landscape,scenery,scenery,scenery,realism,river,forests,trees,nature,nature
0000343.jpeg,religious,painting,realism,christianity,jesus,christ,lonely,man
0000344.jpeg,landscape,scenery,scenery,scenery,realism,painting,villa,residence,house,architecture,garden
0000345.jpeg,painting,realism,boat,ship,sailboat
0000346.jpeg,religious,painting,realism,christianity,jesus,christ,crowd,men,people,scene,sea,sailboats,castle,architecture
0000347.jpeg,landscape,scenery,scenery,scenery,city,realism,houses,buildings,hill
0000348.jpeg,landscape,scenery,scenery,scenery,realism,river,city,buildings,forest,trees,nature
0000349.jpeg,landscape,scenery,scenery,scenery,realism,river,forest,trees,nature,nature
0000350.jpeg,sketch,drawing,realism,cottage,architecture,house
0000351.jpeg,landscape,scenery,scenery,scenery,realism,river,ship
0000352.jpeg,painting,realism,horsemen,horse,rider,trees,nature
0000353.jpeg,landscape,scenery,scenery,scenery,realism,egypt,monuments,statues,clouds,day
0000354.jpeg,landscape,scenery,scenery,scenery,realism,house,trees,nature
0000355.jpeg,interior,realism,furniture,decoration,window,dark
0000356.jpeg,religious,painting,realism,christianity,saints,apostles,jesus,christ,supper
0000357.jpeg,painting,realism,folk,people,buildings,houses,trees,nature
0000358.jpeg,landscape,scenery,scenery,scenery,realism,trees,nature,forest,nature
0000359.jpeg,landscape,scenery,scenery,scenery,realism,autumn,river,lake,trees,nature
0000360.jpeg,landscape,scenery,scenery,scenery,realism,river,nature,trees,nature
0000361.jpeg,landscape,scenery,scenery,scenery,realism,architecture,buildings,houses,local,tree
0000362.jpeg,landscape,scenery,scenery,scenery,realism,river,stones,forests,trees,nature,nature
0000363.jpeg,landscape,scenery,scenery,scenery,impressionism,painting,castle,fortress,cliffs,hill
0000364.jpeg,realism,male,men,portraits,local,traditional,painting
0000365.jpeg,landscape,scenery,scenery,scenery,realism,mountains,hills
0000366.jpeg,painting,realism,women,portraits,animal,donkey
0000367.jpeg,landscape,scenery,scenery,scenery,realism,river,nature,trees,nature
0000368.jpeg,landscape,scenery,scenery,scenery,impressionism,romanticism,clouds,sky,sea
0000371.jpeg,cityscape,expressionism,figurative,boats,river,dark,white,colorless
0000372.jpeg,cityscape,landscape,scenery,scenery,scenery,expressionism,figurative,boats,ships,buildings,colerless
0000373.jpeg,landscape,scenery,scenery,scenery,expressionism,figurative,trees,nature
0000374.jpeg,cityscape,architecture,expressionism,figurative,houses,buildings
0000375.jpeg,landscape,scenery,scenery,scenery,expressionism,figurative,sea,dark,white,colorless
0000376.jpeg,cityscape,city,marina,boats,scenery,expressionism,painting
0000377.jpeg,cityscape,scenery,painting,expressionism,figurative,boats,ships,buildings
0000378.jpeg,city,cityscape,scenery,expressionism,figurative,houses,buildings,sea
0000379.jpeg,expressionism,figurative,sea,ocean,waves,clouds,painting
0000380.jpeg,animal,horse,romanticism,horseman,equine,equestrian,male,interior
0000381.jpeg,portrait,romanticism,male,man,painting
0000382.jpeg,portrait,romanticism,male,man,beard,mustache,black
0000383.jpeg,nude,nu,romanticism,male,man,art
0000384.jpeg,battle,romanticism,horse,rearing,rising,knight,military,soldier,uniform,war,scene
0000385.jpeg,animal,horse,painting,romanticism,jumping,scene
0000386.jpeg,painting,romanticism,animal,horse,rearing,mad,man,dressage,dark
0000387.jpeg,battle,painting,realism,horse,military,soldier,uniform,dressage
0000388.jpeg,battle,painting,realism,military,soldier,uniform
0000389.jpeg,realism,skeletons,skulls,scary,painting
0000390.jpeg,battle,painting,realism,horse,military,soldier,uniform,dressage
0000391.jpeg,portrait,romanticism,male,man,profile,uniform,soldier,armor
0000392.jpeg,portrait,romanticism,male,man,mustache,soldier,armor
0000393.jpeg,painting,realism,animal,horse,front
0000394.jpeg,nude,painting,nu,romanticism,female,male,couple,love
0000395.jpeg,romanticism,animal,horse,gallop,run,dressage,men,scene,painting
0000396.jpeg,romanticism,animals,horses,crowd,people,chaos,city
0000397.jpeg,romanticism,animals,horses,crowd,people,chaos,city,temple,historical
0000398.jpeg,mythology,painting,romanticism,greek,roman,nude,woman,animal,tree
0000399.jpeg,animal,painting,romanticism,horses,chaos,fight,mad
0000400.jpeg,nude,painting,nu,romanticism,male,man,lie
0000401.jpeg,battle,romanticism,military,soldier,commander,war,horse,dead,colorless
0000402.jpeg,realism,game,sport,boxing,fists,men,male,crowd,audience,colorless
0000403.jpeg,landscape,scenery,scenery,romanticism,river,boat,people,drag,trees,nature,mountains
0000404.jpeg,romanticism,battle,war,crowd,horse,dead,colorless
0000405.jpeg,romanticism,animal,horse,men,soldier,war,dog,colorless
0000406.jpeg,history,realism,famous,men,painting
0000407.jpeg,battle,romanticism,military,soldiers,war,horses,crowd,colorless
0000408.jpeg,portrait,face,romanticism,male,handsome,painting
0000409.jpeg,portrait,romanticism,male,man,hat,painting
0000410.jpeg,realism,human,anatomy,arms,legs,horror,scary,dark
0000411.jpeg,realism,human,head,horror,scary,dark
0000412.jpeg,portrait,romanticism,male,man,sad,dark
0000413.jpeg,portrait,romanticism,male,famous,face,dark,gloomy
0000414.jpeg,portrait,romanticism,famous,female,child,cat,pet
0000415.jpeg,portrait,romanticism,children,kids,female,girls,scenery
0000416.jpeg,history,painting,romanticism,storm,tempest,boat,sea,ocean,waves,event,crowd,scene
0000417.jpeg,history,painting,romanticism,storm,tempest,boat,sea,ocean,waves,event,crowd,scene
0000418.jpeg,painting,romanticism,guard,soldier,man,gentleman,colorless
0000419.jpeg,portrait,romanticism,male,face,painting
0000420.jpeg,painting,romanticism,animal,horse,jockey,rider,colorless
0000421.jpeg,painting,romanticism,animal,horse,jockey,rider,colorless
0000422.jpeg,portrait,romanticism,female,woman,beautiful,stylish,elegant,chair,sitting,curtain
0000423.jpeg,painting,romanticism,market,shopping,people,dog,colorless
0000424.jpeg,illustration,romanticism,famous,horse,man,scene,sea,dark,night
0000425.jpeg,portrait,romanticism,male,child,scene
0000426.jpeg,portrait,romanticism,male,man,mustache,local,traditional   
0000427.jpeg,marina,romanticism,storm,tempest,boat,sea,ocean,flood,people,scene,dark
0000428.jpeg,self,romanticism,male,famous,man,chair,sitting,skull
0000429.jpeg,romanticism,wagon,vehicle,person,colorless,writings
0000430.jpeg,romanticism,animals,horses,person,stone,arc,scene
0000431.jpeg,portrait,romanticism,male,man,mustache,turban,local,traditional
0000432.jpeg,animal,romanticism,horse,dark,gloomy
0000433.jpeg,animals,romanticism,horses,people,colorless
0000434.jpeg,romanticism,animals,horses,jockeys,riders,race,game,scene
0000435.jpeg,painting,romanticism,storm,tempest,sea,cliff,people,dead
0000436.jpeg,portrait,romanticism,male,elder,dog,pet,instrument,music,city,walls,colorless
0000437.jpeg,animal,realism,cat,lie,sleep
0000438.jpeg,animals,romanticism,horses,people,colorless
0000439.jpeg,cityscape,romanticism,street,walls,city,elder,homeless,people,colorless
0000440.jpeg,animal,romanticism,lion,cat,head,portrait
0000441.jpeg,painting,romanticism,road,vehicle,countryside,horses,animals,people
0000442.jpeg,painting,romanticism,animals,horses,back,stable
0000443.jpeg,portrait,realism,male,man,serious
0000444.jpeg,portrait,realism,female,elder,serious,traditional
0000445.jpeg,portrait,realism,female,elder,woman
0000446.jpeg,animal,romanticism,horses,mountains,person,colorless
0000447.jpeg,portrait,romanticism,male,man,hat
0000448.jpeg,animal,painting,realism,horse,dead
0000449.jpeg,landscape,scenery,scenery,romanticism,countryside,horses,house,road
0000450.jpeg,portrait,realism,male,elder,priest
0000451.jpeg,animal,painting,romanticism,horses,back
0000452.jpeg,animal,painting,romanticism,animals,horses,people,feeding
0000453.jpeg,animal,painting,romanticism,horse,shade,light,dark
0000454.jpeg,romanticism,animals,horses,race,riders,jockeys,scenery
0000455.jpeg,romanticism,animals,horses,race,riders,jockeys,scenery
0000456.jpeg,portrait,romanticism,famous,female,woman
0000457.jpeg,marina,romanticism,storm,tempest,sea,ocean,waves,scenery
0000458.jpeg,portrait,romanticism,person,traditional,painting
0000459.jpeg,portrait,romanticism,female,turban,painting
0000460.jpeg,portrait,romanticism,male,man,sitting,painting
0000461.jpeg,painting,romanticism,animals,horses,people,dressage
0000462.jpeg,animal,romanticism,horse,stable,indoor,interior
0000463.jpeg,portrait,romanticism,male,famous,man,handsome
0000464.jpeg,animal,horse,romanticism,indoor,stable
0000465.jpeg,realism,people,diseae,sickness,miserable,depressive,sleep
0000466.jpeg,romanticism,animal,horse,dressage,local,traditional
0000467.jpeg,romanticism,animals,horse,lion,attack,hunt,predator,wild,scene,trees,nature
0000468.jpeg,painting,romanticism,animals,lions,cats,wild
0000469.jpeg,portrait,romanticism,famous,female,woman,horse,rider,majestic,elegant,scenery
0000470.jpeg,painting,romanticism,animal,horse,rearing,rise
0000471.jpeg,portrait,romanticism,military,soldier,male,man
0000472.jpeg,landscape,scenery,scenery,romanticism,river,bridge,castle,fortress,cliffs,rocks,clouds
0000473.jpeg,portrait,romanticism,male,man,famous,thoughtful
0000474.jpeg,portrait,romanticism,male,child,bored
0000475.jpeg,portrait,romanticism,male,man,famous
0000476.jpeg,history,painting,realism,storm,tempest,boat,ship,sea,ocean,historical,event,scene,crowd,people
0000477.jpeg,self,portrait,romanticism,male,famous
0000478.jpeg,painting,romanticism,animals,horses,stable,indoor
0000479.jpeg,painting,romanticism,animal,horse,back
0000480.jpeg,painting,romanticism,animals,lions,cats
0000481.jpeg,painting,romanticism,military,soldier,battle,war,horse,rearing,majestic
0000482.jpeg,history,painting,romanticism,storm,tempest,boat,sea,ocean,waves,historical,scene,crowd,people
0000483.jpeg,nude,painting,nu,romanticism,male,man,strong,athletic,water
0000484.jpeg,painting,romanticism,animals,horse,chickens
0000485.jpeg,painting,romanticism,animals,horses,back
0000486.jpeg,portrait,romanticism,male,man,handsome
0000487.jpeg,painting,realism,animal,dog,face
0000488.jpeg,romanticism,storm,tempest,sea,ocean,waves,cliffs,dead,female,woman,gloomy
0000489.jpeg,mythological,painting,romanticism,greek,roman,mythology,gods
0000490.jpeg,animal,painting,romanticism,horses,backs
0000491.jpeg,animal,romanticism,animal,horse,indoor
0000492.jpeg,painting,romanticism,animal,horse,indoor,stable
0000493.jpeg,portrait,romanticism,male,painting,painter,self
0000494.jpeg,landscape,scenery,neoclassicism,angels,crowd,religous,scene,colorless,trees,nature
0000495.jpeg,landscape,scenery,scenery,romanticism,fields,plains,hills
0000496.jpeg,portrait,romanticism,famous,female,woman,beautiful,puffy,smile,happy,scenery,trees,nature
0000497.jpeg,portrait,romanticism,female,girl,beautiful,blonde,scenery
0000498.jpeg,portrait,romanticism,male,gentleman,stylish,handsome
0000499.jpeg,nude,nu,romanticism,female,woman,beautiful,sexy,furniture,decoration,leisure,sleep
0000500.jpeg,nude,nu,romanticism,female,woman,sexy,beautiful,furniture,decoration,bed,leisure
0000501.jpeg,portrait,romanticism,famous,female,girl,beautiful,blonde,violin,musical,instruments,table,paper,furniture
0000502.jpeg,painting,regionalism,child,families,girl,mother,veranda,knitting
0000503.jpeg,cityscape,painting,impressionism,railway,station,train,people
0000504.jpeg,realism,female,woman,smile,happy,flowers,city,people,building,square
0000505.jpeg,painting,romanticism,wedding,crowd,people,celebration,scene
0000506.jpeg,abstract,monochrome,simple,flat,orange,pink
0000507.jpeg,abstract,monochrome,simple,flat,blue
0000508.jpeg,abstract,monochrome,simple,flat,blue
0000509.jpeg,portrait,romanticism,famous,female,girl,smile,stylish,sea,scenery
0000510.jpeg,landscape,scenery,scenery,realism,sunrise,sunset,river,mountains,cliffs
0000511.jpeg,portrait,realism,child,cute,sleep,colorless,book
0000512.jpeg,self,portrait,romanticism,animal,dog,pet,male,famous,book,scenery
0000513.jpeg,landscape,scenery,scenery,realism,boats,ships,sea
0000514.jpeg,landscape,scenery,scenery,realism,animals,autumn,deer,hunting,forests,trees,nature,nature
0000515.jpeg,portrait,realism,child,girl,female,chair,sit,flower,flowerpot
0000516.jpeg,portrait,romanticism,male,man,shocked,surprised,scenery
0000517.jpeg,romanticism,game,checkers,table,men,conversation,smile,furniture,decoration
0000518.jpeg,portrait,romanticism,female,girl,beautiful,leisure,sleep,hammock,trees,nature,nature
0000519.jpeg,portrait,romanticism,double,couple,male,female
0000520.jpeg,portrait,romanticism,male,man,rest,field,scenery
0000521.jpeg,self,portrait,romanticism,male,famous,man,leisure,sleep,sword
0000522.jpeg,self,portrait,romanticism,male,mustache,famous,emotion,shocked,surprised
0000523.jpeg,portrait,realism,male,man,mustache,famous,colorless
0000524.jpeg,portrait,realism,female,girl,thoughtful
0000525.jpeg,self,portrait,romanticism,male,man,famous,viola,music,instrument
0000526.jpeg,portrait,realism,male,famous,reading,sitting,furniture,interior
0000527.jpeg,portrait,realism,female,girl,smile,traditional
0000528.jpeg,painting,realism,meal,tavern,inn,male,men,music,violin,instruments
0000529.jpeg,portrait,realism,male,man,famous,reading
0000530.jpeg,self,portrait,romanticism,male,famous,pipe
0000531.jpeg,painting,realism,countryside,man,handwork,stone,dig,peasant,scene
0000532.jpeg,painting,realism,countryside,men,handwork,stone,dig,peasants,scene
0000533.jpeg,landscape,scenery,scenery,realism,valley,cliffs,nature,forests,trees,nature
0000534.jpeg,realism,crowd,religious,funeral,priests,christianity,scene
0000535.jpeg,portrait,realism,male,man,famous,dark
0000536.jpeg,landscape,scenery,scenery,realism,house,building,garden,trees,nature
0000537.jpeg,realism,animals,cows,scenery,trees,nature,hills,nature,pastoral
0000538.jpeg,realism,pastoral,countryside,women,child,animals,cows,dog,scene
0000539.jpeg,portrait,realism,male,gentleman,beard,mustache,famous
0000540.jpeg,realism,female,women,nude,forests,trees,nature,scene
0000541.jpeg,landscape,scenery,scenery,realism,houses,buildings,trees,nature
0000542.jpeg,realism,female,woman,leisure,sleep,chair,knitting
0000543.jpeg,realism,games,sport,fighting,wrestling,strong,man,male,audience,scenery
0000544.jpeg,self,portrait,realism,male,man,beard,famous,dark
0000545.jpeg,landscape,scenery,scenery,realism,sea,beach,ocean,waves,man,lonely
0000546.jpeg,landscape,scenery,scenery,realism,river,waterfall,bridge,trees,nature
0000547.jpeg,painting,realism,man,male,gesture,back,scenery
0000548.jpeg,realism,male,men,countryside,conversation,scene,dog,pet,scenery
0000549.jpeg,painting,realism,women,female,group,crowd,interior,room
0000550.jpeg,landscape,scenery,scenery,realism,forests,trees,nature,nature
0000551.jpeg,portrait,realism,female,woman,gesture,flowers,black
0000552.jpeg,portrait,realism,female,woman,beautiful,stylish,leisure
0000553.jpeg,portrait,realism,male,man,mustache,famous,dark
0000554.jpeg,landscape,scenery,scenery,realism,houses,buildings,city,valley,cliffs,rocks,sea
0000555.jpeg,painting,realism,animal,dog,puffy,white,portrait
0000556.jpeg,landscape,scenery,scenery,realism,storm,tempest,clouds,valley,nature,trees,nature
0000557.jpeg,landscape,scenery,scenery,realism,houses,buildings,valley,hills
0000558.jpeg,realism,animals,cows,cattles,pig,horses,people,pastoral,trees,nature,countryside
0000559.jpeg,realism,handwork,women,work,child,daily,life,spices,sacks
0000560.jpeg,allegorical,painting,realism,allegories,symbols,famous,studio,workshop,painters,model,nude,crowd
0000561.jpeg,painting,realism,animal,dog,scenery,white,dark
0000562.jpeg,landscape,scenery,scenery,realism,summer,day,trees,nature,river
0000563.jpeg,landscape,scenery,scenery,realism,river,mountains,cliffs,night
0000564.jpeg,portrait,realism,female,woman,leisure,lie,rest
0000565.jpeg,portrait,realism,female,woman,forests,trees,nature,flowers,leisure
0000566.jpeg,portrait,realism,child,hat,stylish
0000567.jpeg,portrait,realism,female,woman,dark
0000568.jpeg,portrait,realism,female,girl,ribbon,black
0000569.jpeg,landscape,scenery,scenery,realism,sea,sky,lake,pond
0000570.jpeg,realism,animal,deer,death,dead
0000571.jpeg,realism,animals,dogs,men,hunting,racing,deer,dead,forest,trees,nature
0000572.jpeg,landscape,scenery,scenery,realism,castle,fortress,building,trees,nature,sky
0000573.jpeg,portrait,realism,women,female,double,leisure,picnic,sleep,river,boat,trees,nature,scene
0000574.jpeg,nude,nu,realism,female,women,beautiful,sexy,double,portrait,nature,scene
0000575.jpeg,painting,realism,animals,dogs,deer,hunt,meal,crowd,people,trees,nature,scene
0000576.jpeg,landscape,scenery,scenery,realism,valley,houses,river,trees,nature,nature
0000577.jpeg,realism,life,female,woman,rest,leisure,dog,pet,garden,trees,nature
0000578.jpeg,portrait,realism,female,woman,stylish,dark
0000579.jpeg,cityscape,city,realism,houses,buildings,architecture,bridge,tower,river
0000580.jpeg,landscape,scenery,scenery,realism,animals,autumn,dog,deer,dead,hunting,man,gun,forest,trees,nature
0000581.jpeg,landscape,scenery,scenery,realism,forest,trees,nature,nature
0000582.jpeg,portrait,realism,female,girl,collar,dark
0000583.jpeg,realism,animal,fox,winter,snow,scenery
0000584.jpeg,portrait,realism,female,girl,animal,goat,pet,hold
0000585.jpeg,painting,realism,animals,deer,forests,trees,nature,nature
0000586.jpeg,nude,nu,realism,female,woman,beautiful,sexy,scene
0000587.jpeg,painting,realism,flowers,plants,flowerpot
0000588.jpeg,portrait,realism,male,man,beard,famous,dark,black
0000589.jpeg,landscape,scenery,scenery,realism,river,cliffs,rocks,nature,trees,nature
0000590.jpeg,nude,nu,realism,female,woman,beautiful,sexy,leisure,sleep,bed
0000591.jpeg,portrait,realism,flowers,plants,female,girl
0000592.jpeg,painting,realism,flowers,plants,flowerpot
0000593.jpeg,realism,animals,dog,horse,nature,trees,nature
0000594.jpeg,landscape,scenery,scenery,realism,cliffs,rocks,nature
0000595.jpeg,painting,realism,flowers,roses,plants,flowerpot
0000596.jpeg,landscape,scenery,scenery,realism,river,forest,trees,nature
0000597.jpeg,landscape,scenery,scenery,realism,cliffs,rocks,painting
0000598.jpeg,painting,realism,winter,man,animal,horse,clouds,scenery
0000599.jpeg,landscape,scenery,scenery,realism,cliffs,rocks,trees,nature
0000600.jpeg,realism,animals,deer,run,trees,nature,forest
0000601.jpeg,landscape,scenery,realism,fields,plains,trees,nature,nature
0000602.jpeg,portrait,realism,female,girl,cleavage,painting
0000603.jpeg,landscape,scenery,realism,river,waterfall
0000604.jpeg,landscape,realism,river,waterfall,cave,cliff
0000605.jpeg,landscape,scenery,realism,river,mountain,cliffs
0000606.jpeg,portrait,realism,female,girl,birds,wing,feather
0000607.jpeg,painting,scenery,realism,sea,people,life,sky
0000608.jpeg,landscape,scenery,realism,forest,trees,nature,nature
0000609.jpeg,landscape,scenery,realism,river,forest,trees,nature,nature
0000610.jpeg,landscape,scenery,realism,castle,buildings,cliffs,rocks,trees,nature,nature
0000611.jpeg,landscape,scenery,realism,cottages,farmhouses,houses,cliff,trees,nature
0000612.jpeg,landscape,scenery,realism,sea,ocean,clouds,sky
0000613.jpeg,portrait,realism,male,famous,family,child,thoughtful,books,trees,nature
0000614.jpeg,portrait,realism,female,girl,hair,self,mirror
0000615.jpeg,portrait,realism,male,man,beard,famous
0000616.jpeg,portrait,realism,male,beard,eyeglasses,famous,dark
0000617.jpeg,landscape,scenery,realism,river,waterfall,cliffs,rocks,trees,nature,nature
0000618.jpeg,landscape,scenery,realism,river,cliffs,trees,nature,nature
0000619.jpeg,landscape,scenery,realism,river,forest,trees,nature
0000620.jpeg,landscape,scenery,realism,sea,beach,rocks,clouds,sky
0000621.jpeg,landscape,scenery,realism,sea,ocean,clouds,sky
0000622.jpeg,landscape,scenery,realism,sea,beach,clouds,sky
0000623.jpeg,landscape,scenery,realism,river,forest,trees,nature
0000624.jpeg,landscape,scenery,realism,countryside,river,cottages,farmhouses,mill
0000625.jpeg,landscape,scenery,realism,river,forest,trees,nature,cliffs,rocks
0000626.jpeg,landscape,scenery,realism,river,cliffs,rocks,trees,nature,day
0000627.jpeg,portrait,realism,female,girl,rowing,boat,sea,waves
0000628.jpeg,portrait,realism,group,children,female,blonde
0000629.jpeg,marina,realism,sea,beach,sky,clouds,scenery
0000630.jpeg,landscape,scenery,realism,animals,winter,deer,forest,trees,nature
0000631.jpeg,landscape,scenery,realism,boats,ships,sea,beach,clouds,sky
0000632.jpeg,realism,animals,dogs,scenery,sea,clouds
0000633.jpeg,landscape,scenery,realism,river,houses,cliffs,rocks
0000634.jpeg,marina,realism,sea,beach,clouds,sky,scenery
0000635.jpeg,landscape,scenery,realism,animals,deer,forest,trees,nature
0000636.jpeg,landscape,scenery,realism,sea,sky,clouds
0000637.jpeg,landscape,scenery,realism,winter,snow,animal,deer,cliffs
0000638.jpeg,landscape,scenery,realism,river,forest,trees,nature
0000639.jpeg,landscape,scenery,realism,boats,sea,waves,cliffs
0000641.jpeg,realism,animals,deer,forest,trees,nature,scenery
0000642.jpeg,nude,nu,realism,female,women,couple,beautiful,sexy,leisure,sleep,bed,flowers,flowerpot
0000643.jpeg,landscape,scenery,realism,river,waterfall,cliffs,trees
0000644.jpeg,scenery,realism,storm,tempest,sea,oceans,waves,sky,clouds
0000645.jpeg,nude,nu,realism,female,woman,beautiful,sexy,leisure,lie,bed,bird,decoration,furniture
0000646.jpeg,nude,nu,realism,female,woman,beautiful,sexy,river,trees,nature
0000647.jpeg,landscape,scenery,realism,winter,snow,deer,forest,trees,nature
0000648.jpeg,landscape,scenery,realism,winter,snow,deer,forest,trees,nature
0000649.jpeg,painting,realism,winter,hunting,dogs,trees,nature,winter
0000650.jpeg,portrait,realism,male,man,beard,black,dark,famous
0000651.jpeg,landscape,scenery,realism,sea,rocks,clouds,sky
0000652.jpeg,landscape,scenery,realism,sunrise,sunset,sea,clouds,sky
0000653.jpeg,painting,realism,winter,animals,dogs,deer,horses,hunting,men,winter,trees
0000654.jpeg,realism,spring,animal,deer,forest,trees,nature
0000655.jpeg,painting,realism,animals,cows,pastoral,trees,scenery
0000656.jpeg,portrait,realism,female,woman,cleavage,reading,book,trees
0000657.jpeg,landscape,scenery,realism,animals,deer,forest,trees,nature,winter
0000658.jpeg,landscape,scenery,realism,deer,river,forest,trees,nature
0000659.jpeg,landscape,scenery,realism,valley,cliffs,rocks,trees,nature
0000660.jpeg,landscape,scenery,realism,forest,trees,nature
0000661.jpeg,nude,nu,realism,female,woman,sexy,river,waterfall,trees,nature
0000662.jpeg,landscape,scenery,realism,river,forest,trees,nature,cliffs,rocks
0000663.jpeg,nude,nu,realism,female,woman,sexy,beautiful,sea
0000664.jpeg,landscape,scenery,realism,boats,sea,beach,clouds,cliffs,sky
0000665.jpeg,landscape,scenery,realism,boats,cliffs,sky,clouds
0000666.jpeg,landscape,scenery,realism,river,forest,trees,nature
0000667.jpeg,realism,storm,tempest,boats,sea,ocean,waves,cliffs,clouds,scenery
0000668.jpeg,landscape,scenery,realism,sea,boat,beach,sky,clouds
0000669.jpeg,landscape,scenery,realism,boats,cliffs,rocks,sea,beach,clouds
0000670.jpeg,painting,realism,boats,sea,ocean,waves,clouds,scenery
0000671.jpeg,landscape,scenery,realism,storm,clouds,tempest,sea,ocean,waves
0000672.jpeg,landscape,scenery,realism,storm,clouds,tempest,sea,ocean,waves,boat
0000673.jpeg,landscape,scenery,realism,winter,cliffs,sea,trees,clouds
0000674.jpeg,portrait,realism,male,beard,famous,dark
0000675.jpeg,landscape,scenery,realism,storm,clouds,tempest,sea,ocean,waves
0000676.jpeg,landscape,scenery,realism,storm,clouds,tempest,sea,ocean,waves,boat
0000677.jpeg,landscape,scenery,realism,storm,clouds,tempest,sea,ocean,waves
0000678.jpeg,landscape,scenery,realism,boats,cliffs,rocks,sea,beach,clouds
0000679.jpeg,landscape,scenery,realism,storm,clouds,tempest,sea,ocean,waves,boats
0000680.jpeg,landscape,scenery,realism,storm,clouds,tempest,sea,ocean,waves
0000681.jpeg,landscape,scenery,realism,storm,clouds,tempest,sea,ocean,waves
0000682.jpeg,landscape,scenery,realism,winter,countryside,houses,town
0000683.jpeg,painting,realism,flowers,plants
0000684.jpeg,portrait,realism,flowers,plants,person,reading,book
0000685.jpeg,realism,fruits,vegetables,pomegranate,foods,painting
0000686.jpeg,realism,fruits,vegetables,red,foods,painting
0000687.jpeg,realism,fruits,vegetables,foods,apples,pear,red,painting
0000688.jpeg,realism,fruits,pears,quinces,vegetables,foods,flowers,plants,room,painting
0000689.jpeg,realism,fruits,pomegranate,vegetables,foodspainting
0000690.jpeg,landscape,scenery,realism,river,cliffs,rocks,nature
0000691.jpeg,landscape,scenery,realism,storm,tempest,clouds,sea,oceans,rocks
0000692.jpeg,realism,fruits,vegetables,pomegranate,red,painting
0000693.jpeg,landscape,scenery,realism,sea,clouds,rocks
0000694.jpeg,painting,realism,flowers,plants,flowerpot
0000695.jpeg,landscape,scenery,realism,river,waterfall,cliffs,rocks,nature,trees
0000696.jpeg,painting,realism,fruits,vegetables,foods,pomegranate
0000697.jpeg,painting,realism,fruits,vegetables,pears,quinces,foods
0000698.jpeg,cityscape,city,scenery,realism,countryside,river,waterfalls,houses,buildings
0000699.jpeg,painting,realism,animal,fish,hunt
0000700.jpeg,landscape,scenery,realism,sea,beach,clouds
0000701.jpeg,landscape,scenery,realism,storm,tempest,clouds,castle,fortress,mountains,trees
0000702.jpeg,landscape,scenery,realism,hills,rocks,trees,nature
0000703.jpeg,painting,realism,storm,tempest,sea,ocean,waves
0000704.jpeg,self,portrait,realism,male,man,famous,window
0000705.jpeg,painting,realism,fruits,vegetables,foods
0000706.jpeg,painting,realism,sacks,trees,nature
0000707.jpeg,landscape,scenery,realism,river,waterfall,mountains,trees,nature
0000708.jpeg,landscape,scenery,realism,river,waterfall,cliff,rocks,nature
0000709.jpeg,landscape,scenery,realism,mountains,trees,nature
0000710.jpeg,landscape,scenery,realism,river,hills,trees,nature
0000711.jpeg,painting,realism,animal,fish,hunt
0000712.jpeg,landscape,scenery,realism,castle,fortress,mountains,lake
0000713.jpeg,portrait,realism,male,man,musical,famous
0000714.jpeg,portrait,realism,female,woman,dark
0000715.jpeg,landscape,scenery,realism,boat,lakes,mountains,lake,trees
0000716.jpeg,painting,realism,sea,ocean,waves,boats,sky,clouds
0000717.jpeg,landscape,scenery,realism,winter,snow,mountains,trees
0000718.jpeg,landscape,scenery,realism,sunrise,sunset,boat,mountains,lake,clouds
0000719.jpeg,landscape,scenery,realism,castle,fortress,boat,ship,mountains,lake,trees
0000720.jpeg,landscape,scenery,realism,winter,snow,trees,nature
0000721.jpeg,landscape,scenery,realism,boats,ships,sea,beach,cliffs,rocks
0000722.jpeg,landscape,scenery,realism,castle,fortress,mountains,lake
0000723.jpeg,landscape,scenery,realism,winter,castle,fortress,trees
0000724.jpeg,landscape,scenery,realism,winter,river,trees,nature
0000725.jpeg,landscape,scenery,realism,sea,valley,trees
0000726.jpeg,landscape,scenery,realism,countryside,cottages,farmhouses,trees
0000727.jpeg,painting,realism,animal,deer,dead,hunt
0000728.jpeg,landscape,scenery,realism,river,cliffs,rocks,mountains,clouds,trees,nature
0000729.jpeg,landscape,scenery,realism,lakes,pond,mountains,lake,boat
0000730.jpeg,landscape,scenery,realism,river,waterfall,cliffs,rocks,trees,nature
0000731.jpeg,landscape,scenery,realism,houses,buildings,boat,lake,trees
0000732.jpeg,landscape,scenery,realism,animals,deer,river,waterfall,forest,trees,nature,cliffs
0000733.jpeg,nude,painting,nu,romanticism,female,woman,sexy,beautiful,leisure,trees
0000734.jpeg,painting,realism,flowers,flowerpot,plants
0000735.jpeg,painting,realism,flowers,flowerpot,plants
0000736.jpeg,landscape,scenery,realism,autumn,castle,fortress,mountains,lake
0000737.jpeg,landscape,scenery,realism,animal,winter,deer,forest,trees,nature
0000738.jpeg,nude,painting,nu,realism,animal,dog,pet,female,woman,beautiful,sexy
0000739.jpeg,painting,realism,animal,deer,portrait,head
0000740.jpeg,painting,realism,animal,gazelle,horns,scenery,mountains
0000741.jpeg,nude,painting,nu,realism,female,woman,sexy,beautiful,leisure,sleep
0000742.jpeg,landscape,scenery,realism,houses,buildings,river,bridges,rocks,trees
0000743.jpeg,landscape,scenery,realism,rocks,man,lonely,hill
0000744.jpeg,landscape,scenery,realism,cliffs,rocks,mountains,nature,trees
0000745.jpeg,landscape,scenery,realism,animal,deer,river,waterfall,cliffs,rocks,nature
0000746.jpeg,landscape,scenery,realism,house,lake,pond,boat,cliffs,mountains
0000747.jpeg,landscape,scenery,realism,sea,ocean,beach,clouds,sky
0000748.jpeg,nude,painting,nu,romanticism,female,woman,beautiful,sexy
0000749.jpeg,painting,realism,winter,snow,cold,villager,village,child,countryside,handwork,life,carry,goat
0000750.jpeg,portrait,realism,female,woman,stlish,beautiful,scenery
0000751.jpeg,portrait,realism,male,man,famous,thoughtful,table
0000752.jpeg,portrait,realism,male,man,beard,famous,thoughtful
0000753.jpeg,portrait,realism,male,man,famous
0000754.jpeg,portrait,realism,male,elder,man,dark
0000755.jpeg,portrait,realism,male,man,hat,stylish,handsome
0000756.jpeg,portrait,realism,female,woman,dark,painting
0000757.jpeg,nude,painting,nu,realism,female,woman,sexy,leisure,bed,dark
0000758.jpeg,landscape,scenery,realism,river,trees,clouds,nature
0000759.jpeg,scenery,realism,boat,sea,ocean,waves,clouds
0000760.jpeg,scenery,landscape,realism,sea,beach,rocks,trees
0000761.jpeg,landscape,scenery,realism,boat,sea,mountains,rocks
0000762.jpeg,nude,painting,nu,realism,female,woman,sexy,leisure,sleep,bed,trees
0000763.jpeg,sketch,study,realism,female,sexy,woman
0000764.jpeg,realism,fruits,vegetables,foods,apples,dish
0000765.jpeg,landscape,scenery,realism,sunrise,sunset,sea
0000766.jpeg,landscape,scenery,realism,river,cliffs,rocks,nature,trees
0000767.jpeg,painting,realism,animal,horse,back
0000768.jpeg,landscape,scenery,realism,river,forest,trees,nature
0000769.jpeg,landscape,scenery,realism,cliffs,rocks,trees,nature
0000770.jpeg,self,portrait,realism,male,man,handsome,famous,notebook,pen,dark
0000771.jpeg,landscape,scenery,realism,cottage,farmhouse,mountains
0000772.jpeg,nude,painting,nu,realism,female,woman,sexy,waterfall
0000773.jpeg,landscape,scenery,realism,river,waterfall,forest,trees,nature
0000774.jpeg,scenery,landscape,realism,boats,sea,ocean,waves,clouds
0000775.jpeg,landscape,scenery,realism,animal,girls,trees,pastoral,cow,cliffs,rocks
0000776.jpeg,landscape,scenery,realism,deers,forest,trees,nature
0000777.jpeg,landscape,scenery,realism,autumn,trees,nature
0000778.jpeg,city,cityscape,impressionism,street,square,people,buildings
0000779.jpeg,city,cityscape,impressionism,buildings,trees
0000780.jpeg,city,cityscape,impressionism,houses,buildings,fences,trees
0000781.jpeg,city,cityscape,impressionism,street,houses,building,trees
0000782.jpeg,city,cityscape,impressionism,street,houses,buildings,people
0000783.jpeg,city,cityscape,impressionism,street,houses,buildings,people
0000784.jpeg,city,cityscape,impressionism,painting,street,houses,buildings,people
0000785.jpeg,city,cityscape,impressionism,street,houses,buildings,shops,france
0000786.jpeg,city,cityscape,impressionism,architecture,church,square,people,france
0000787.jpeg,city,cityscape,impressionism,architecture,church
0000788.jpeg,city,cityscape,impressionism,houses,buildings,trees,scenery
0000789.jpeg,city,cityscape,impressionism,street,walking,houses,buildings,tower,architecture,france
0000790.jpeg,city,cityscape,impressionism,streets,canal,houses
0000791.jpeg,city,cityscape,impressionism,street,cafes,restaurants,trees
0000792.jpeg,city,cityscape,impressionism,painting,street,houses
0000793.jpeg,city,cityscape,impressionism,castle,architecture,trees,square,park
0000794.jpeg,city,cityscape,impressionism,painting,architecture,building,square,people,trees
0000795.jpeg,city,cityscape,impressionism,painting,castle,france
0000796.jpeg,city,cityscape,impressionism,houses,buildings,painting
0000797.jpeg,city,cityscape,impressionism,clock,tower,houses,buildings
0000798.jpeg,city,cityscape,impressionism,spring,street,tower,wall
0000799.jpeg,city,cityscape,impressionism,tower,houses,buildings,street,walls
0000800.jpeg,city,cityscape,impressionism,street,buildings,tower,architecture,people
0000801.jpeg,city,cityscape,impressionism,street,house,buildings,tower,architecture,people,tree
0000802.jpeg,city,cityscape,impressionism,winter,france,architecture,buildings,square,people
0000803.jpeg,city,cityscape,impressionism,street,square,france,architecture,building,tower,trees
0000804.jpeg,city,cityscape,impressionism,street,buildings,tower,architecture
0000805.jpeg,city,cityscape,impressionism,painting,france,flags,building,tower,celebration
0000806.jpeg,city,cityscape,impressionism,painting,streets,square,france,canal,houses,buildings
0000807.jpeg,france,city,cityscape,impressionism,painting,street,houses,buildings,people
0000808.jpeg,city,cityscape,impressionism,painting,street,houses,buildings,people,trees
0000809.jpeg,cityscape,impressionism,tower,painting,trees
0000810.jpeg,city,cityscape,impressionism,factories,buildings,towers,square
0000811.jpeg,cityscape,impressionism,farmhouse,architecture
0000812.jpeg,flowers,painting,impressionism,plants,flowerpot,vase,table
0000813.jpeg,city,cityscape,impressionism,painting,street,houses,buildings,people,trees
0000814.jpeg,city,cityscape,impressionism,square,gate,tower,architecture,celebration,festival,crowd,france,trees
0000815.jpeg,city,cityscape,painting,impressionism,france,square,streets,houses,buildings
0000816.jpeg,cityscape,impressionism,houses,buildings,trees
0000817.jpeg,cityscape,impressionism,houses,buildings,streets
0000818.jpeg,city,cityscape,impressionism,street,houses,buildings,streetlamp
0000819.jpeg,city,cityscape,impressionism,winter,street,square,houses,buildings,france
0000820.jpeg,city,cityscape,impressionism,houses,buildings
0000821.jpeg,city,cityscape,impressionism,people,square
0000822.jpeg,city,cityscape,impressionism,street,houses,buildings,trees
0000823.jpeg,city,cityscape,impressionism,streets,france,architecture,houses,people,scenery
0000824.jpeg,city,cityscape,impressionism,painting,houses,buildings,scenery,trees
0000825.jpeg,cityscape,painting,impressionism,houses,buildings,gardens,park,trees,people
0000826.jpeg,city,cityscape,impressionism,painting,factories,towers,building,people,trees
0000827.jpeg,city,cityscape,impressionism,painting,street,houses,buildings,trees
0000828.jpeg,france,city,cityscape,impressionism,painting,street,houses,buildings,people,trees
0000829.jpeg,city,cityscape,impressionism,france,church,building,architecture,white
0000830.jpeg,city,cityscape,impressionism,street,houses,buildings,france
0000831.jpeg,cityscape,impressionism,building,france,flag,architecture
0000832.jpeg,cityscape,painting,impressionism,countryside,cottages,farmhouses,people,fields,trees
0000833.jpeg,cityscape,painting,impressionism,streets,france,people,trees
0000834.jpeg,cityscape,impressionism,street,houses,buildings,trees
0000835.jpeg,city,cityscape,impressionism,painting,street,square,houses,buildings,mill,windmills,people
0000836.jpeg,cityscape,impressionism,streets,squares,houses,buildings,walls
0000837.jpeg,city,cityscape,impressionism,street,square,france,cafes,restaurants
0000838.jpeg,city,cityscape,impressionism,streets,mills,windmills,buildings
0000839.jpeg,cityscape,painting,impressionism,streets,mills,windmills,door,houses,buildings
0000840.jpeg,city,cityscape,impressionism,mills,windmills,gate,houses,winter,trees
0000841.jpeg,painting,cityscape,impressionism,streets,squares,people
0000842.jpeg,cityscape,impressionism,mill,windmill,trees,winter,buildings
0000843.jpeg,city,cityscape,impressionism,mill,windmill,trees,winter,buildings,people
0000844.jpeg,cityscape,impressionism,mill,windmill,trees,buildings,gates
0000845.jpeg,city,cityscape,impressionism,streets,architecture,mills,windmills,tower
0000846.jpeg,city,cityscape,impressionism,streets,squares,mills,trees,people,squares,tower
0000847.jpeg,city,cityscape,impressionism,winter,streets,squares,mill,people,buildings
0000848.jpeg,city,cityscape,impressionism,winter,mills,windmills,trees,painting
0000849.jpeg,france,cityscape,impressionism,street,mills,trees,flag
0000850.jpeg,cityscape,impressionism,winter,snow,streets,mills,windmills,people,painting
0000851.jpeg,france,cityscape,impressionism,streets,houses,buildings,trees,city
0000852.jpeg,city,landscape,scenery,impressionism,countryside,fields,plains,houses,painting
0000853.jpeg,city,cityscape,impressionism,river,canal,boat,france,flag,trees,buildings
0000854.jpeg,city,cityscape,impressionism,streets,houses,buildings
0000855.jpeg,city,cityscape,impressionism,street,trees,people,buildings
0000856.jpeg,city,cityscape,impressionism,paris,france,church,architecture,design,tower
0000857.jpeg,city,cityscape,impressionism,streets,houses,buildings,trees,walls
0000858.jpeg,city,cityscape,impressionism,streets,houses,buildings,shops,person
0000859.jpeg,city,cityscape,impressionism,streets,houses,buildings,shops
0000860.jpeg,city,cityscape,impressionism,street,houses,buildings,trees,painting
0000861.jpeg,city,cityscape,impressionism,street,square,park,fountain,buildings,trees,painting
0000862.jpeg,city,cityscape,impressionism,streets,houses,buildings
0000863.jpeg,city,cityscape,impressionism,streets,houses,buildings
0000864.jpeg,city,cityscape,impressionism,houses,buildings,garden,painting
0000865.jpeg,city,cityscape,impressionism,street,houses,buildings,restaurants,trees,people,france
0000866.jpeg,city,cityscape,impressionism,street,houses,buildings,trees,people
0000867.jpeg,city,cityscape,impressionism,streets,houses,buildings,people,crowd
0000868.jpeg,city,cityscape,impressionism,street,houses,buildings,tower,france,paris
0000869.jpeg,city,cityscape,impressionism,street,houses,buildings,paris,france,tower
0000870.jpeg,city,cityscape,impressionism,paris,france,house,buildings,fences,garden,trees
0000871.jpeg,city,cityscape,impressionism,winter,street,paris,france,trees,people,towers
0000872.jpeg,city,cityscape,impressionism,street,paris,france,towers,people,winter
0000873.jpeg,city,cityscape,painting,impressionism,street,paris,france,houses,building
0000874.jpeg,city,cityscape,impressionism,streets,people,trees,houses,buildings
0000875.jpeg,city,cityscape,impressionism,painting,river,bridge,boats,paris,france
0000876.jpeg,city,cityscape,impressionism,winter,streets,square,paris,buildings,people
0000877.jpeg,city,cityscape,impressionism,painting,streets,square,trees,people
0000878.jpeg,city,cityscape,impressionism,streets,houses,buildings
0000879.jpeg,city,cityscape,impressionism,streets,houses,buildings,shops
0000880.jpeg,city,cityscape,impressionism,streets,square,houses,buildings,shops,trees
0000881.jpeg,city,cityscape,impressionism,paris,france,architecture,towers,buildings,trees
0000882.jpeg,city,cityscape,impressionism,street,paris,walking,people,walls,buildings
0000883.jpeg,city,cityscape,impressionism,streets,square,shops,buildings
0000884.jpeg,city,france,cityscape,impressionism,streets,square,buildings,trees
0000885.jpeg,city,cityscape,impressionism,street,paris,towers,people,trees
0000886.jpeg,cityscape,impressionism,street,city,trees,people,painting,square
0000887.jpeg,city,cityscape,impressionism,street,trees,people,buildings
0000888.jpeg,city,cityscape,impressionism,streets,squareparis,france,houses,buildings
0000889.jpeg,city,cityscape,impressionism,street,trees,people
0000890.jpeg,city,cityscape,impressionism,street,houses,buildings,trees,people,painting
0000891.jpeg,city,cityscape,impressionism,houses,buildings,trees
0000892.jpeg,city,cityscape,impressionism,street,walking,people,houses,buildings
0000893.jpeg,france,city,cityscape,impressionism,houses,buildings,river,bridges
0000894.jpeg,cityscape,impressionism,castle,fortress,architecture,towers,trees
0000895.jpeg,cityscape,impressionism,painting,castle,tower,buildings,architecture
0000896.jpeg,cityscape,impressionism,buildings,walls,tree,painting
0000897.jpeg,cityscape,impressionism,garden,park,buildings,painting
0000898.jpeg,city,cityscape,impressionism,gate,paris,france,people,architecture
0000899.jpeg,city,cityscape,impressionism,street,houses,buildings,people
0000900.jpeg,city,cityscape,impressionism,winter,snow,street,square,paris,france,people,towers,mill
0000901.jpeg,city,cityscape,impressionism,street,staircases,people,buildings
0000902.jpeg,city,cityscape,impressionism,streets,france,paris,houses,buildings
0000903.jpeg,city,cityscape,impressionism,street,tower,houses,buildings,trees,people
0000904.jpeg,city,cityscape,impressionism,winter,snow,streets,square,houses,buildings,paris,france,people,trees
0000905.jpeg,city,cityscape,impressionism,street,houses,buildings,trees,painting
0000906.jpeg,city,cityscape,impressionism,street,houses,buildings,mill
0000907.jpeg,city,cityscape,impressionism,autumn,cliffs,mountains,hills,buildings,tower,scenery
0000908.jpeg,city,painting,impressionism,flowers,flowerpot,plants
0000909.jpeg,city,painting,impressionism,flowers,flowerpot,plants
0000910.jpeg,city,landscape,scenery,impressionism,buildings,trees,painting
0000911.jpeg,city,cityscape,impressionism,streets,houses,winter,cold,snow,trees
0000912.jpeg,city,cityscape,impressionism,painting,streets,houses,buildings
0000913.jpeg,city,cityscape,impressionism,street,mills,windmills,paris,france
0000914.jpeg,city,cityscape,impressionism,street,streetlamp,winter,snow,houses,buildings
0000915.jpeg,portrait,female,girl,beautiful,stylish
0000916.jpeg,cityscape,expressionism,roads,railway,trains,station
0000917.jpeg,city,cityscape,expressionism,roads,vehicle,bridge,buildings,houses
0000918.jpeg,city,cityscape,expressionism,street,houses,buildings,people,crowd
0000919.jpeg,portrait,expressionism,female,nude,group,women
0000920.jpeg,portrait,expressionism,male,nude,group
0000921.jpeg,portrait,expressionism,female,nude,group,women
0000922.jpeg,portrait,expressionism,female,nude,woman
0000923.jpeg,portrait,expressionism,female,nude,group,women
0000924.jpeg,portrait,expressionism,female,nude,group,women
0000925.jpeg,portrait,expressionism,female,nude,woman,bed,room,window
0000926.jpeg,portrait,expressionism,female,nude,women
0000927.jpeg,portrait,expressionism,female,nude,woman,sleep,lie,sea,beach,scenery
0000928.jpeg,portrait,expressionism,female,nude,woman,lie,leisure,bed
0000929.jpeg,portrait,expressionism,female,nude,group,women
0000930.jpeg,cityscape,surrealism,palace,mausoleum,architecture,building,rocks
0000931.jpeg,painting,surrealism,female,nude,male,furniture,decoration,room,dressing
0000932.jpeg,painting,art,female,women,decoration,floor,ceiling
0000933.jpeg,nude,painting,nu,surrealism,female,woman,nude,mirror,cave
0000934.jpeg,painting,metaphysical,art,female,male,nude,ruins,columns,mirror
0000935.jpeg,portrait,surrealism,female,women,nude,bath,walls
0000936.jpeg,portrait,surrealism,male,nude,ruins,columns,mountains,mirror
0000937.jpeg,painting,surrealism,square,buildings,women,group,female,nude,mountains
0000938.jpeg,painting,surrealism,couples,man,woman,hug,nude,window
0000939.jpeg,life,surrealism,allegories,symbols,female,nude,mirror,walls,trees
0000940.jpeg,painting,surrealism,symbols,allegorical,female,nude,women,trees,building,mountains
0000941.jpeg,mythological,painting,surrealism,female,women,group,nude,sea,ocean,waves,buildings
0000942.jpeg,painting,metaphysical,art,buildings,street,square,female,nude,woman,man,male
0000943.jpeg,painting,surrealism,houses,buildings,female,nude,group,man,trees,mountains,night,moon
0000944.jpeg,painting,surrealism,female,nude,group.women,trees,scenery,clouds
0000945.jpeg,painting,surrealism,woman,female,nude,furniture,decoration,room,mirror,self,trees
0000946.jpeg,painting,surrealism,male,female,nude,group,buildings,scenery,mountains,moon
0000947.jpeg,mythological,painting,surrealism,female,women,nude,monument,statue,buildings,houses,scene
0000948.jpeg,mythological,painting,surrealism,crowd,women,female,nude,forest,trees,nature
0000949.jpeg,painting,surrealism,female,nude,woman,furniture,room,decoration,male,nude,child
0000950.jpeg,painting,surrealism,square,female,nude,crowd,women,men,architecture,greek,tree,night
0000951.jpeg,painting,surrealism,street,square,female,nude,women,group,trees,garden,park
0000952.jpeg,painting,nu,surrealism,female,women,group,nude,men,trees,garden
0000953.jpeg,painting,surrealism,streets,squares,female,nude,male,trees,park,columns
0000954.jpeg,painting,nu,surrealism,female,nude,man,paper,read,forest,trees,columns,greek
0000955.jpeg,painting,nu,surrealism,female,nude,women,greek
0000956.jpeg,painting,nu,surrealism,female,woman,nude,room,rocks
0000957.jpeg,painting,surrealism,male,female,nude,crowd,scene
0000958.jpeg,painting,surrealism,square,female,nude,male,scene
0000959.jpeg,painting,surrealism,male,female,nude,room,night,moon
0000960.jpeg,painting,surrealism,male,female,nude,group,room,decoration,windows
0000961.jpeg,painting,surrealism,people,night,moon,buildings,square
0000962.jpeg,painting,surrealism,female,women,nude,garden,park,trees,flowers,buildings,night,scene
0000963.jpeg,painting,surrealism,women,group,female,sitting,houses,buildings
0000964.jpeg,painting,metaphysical,art,greek,buildings,columns,street,female,women,nude,night,moon
0000965.jpeg,painting,metaphysical,art,buildings,street,square,staircases,female,women,nude
0000966.jpeg,painting,surrealism,female,nude,group,scene,river,sky,clouds
0000967.jpeg,painting,surrealism,male,female,women,nude,men,skeleton,scene,buildings,lamp,night
0000968.jpeg,symbolic,painting,surrealism,skeletons,skulls
0000969.jpeg,painting,surrealism,female,women,nude,group,sleep,lie,bed,scene,buildings,columns,square
0000970.jpeg,nude,painting,nu,surrealism,female,nude,group,sea
0000971.jpeg,painting,surrealism,female,women,nude,decoration,skeleton,architecture,buildings,columns
0000972.jpeg,painting,metaphysical,art,street,female,women,group,nude,skeleton,night,moon,column
0000973.jpeg,painting,metaphysical,art,street,square,female,women,nude,male,skeleton,clouds
0000974.jpeg,symbolic,painting,surrealism,furniture,decoration,skeletons,skulls,room,window,table,books,library
0000975.jpeg,painting,nu,surrealism,women,female,nude,ruins,columns,greek,architecture,mountains
0000976.jpeg,symbolic,painting,surrealism,skeletons,skulls,columns,architecture,greek
0000977.jpeg,mythological,painting,surrealism,female,group,women,nude,columns,skeleton,greek,night,moon,mountains
0000978.jpeg,painting,surrealism,female,women,nude,furniture,decoration,room,door,table,carpet,chairs,lamp
0000979.jpeg,portrait,surrealism,female,woman,nude,furniture,decoration,lamp,mirror,room
0000980.jpeg,painting,surrealism,female,nude,women,group,interior,decoration
0000981.jpeg,painting,nu,surrealism,female,woman,nude,furniture,decoration,chair,scenery,sea,beach
0000982.jpeg,portrait,surrealism,female,women,nude,monument,statue,architecture,columns,buildings
0000983.jpeg,painting,nu,surrealism,female,couples,male,nude,square,buildings
0000984.jpeg,painting,nu,surrealism,female,women,nude,walls,staircases,architecture,buildings
0000985.jpeg,portrait,surrealism,female,nude,sexy,women,couple
0000986.jpeg,mythological,painting,surrealism,female,nude,women,group,ship,sea,scene,clouds
0000987.jpeg,painting,surrealism,female,women,nude,furniture,decoration,interior,room,mirror,lamp
0000988.jpeg,painting,metaphysical,art,street,female,male,women,nude,night,moon,streetlamps,buildings
0000989.jpeg,painting,nu,surrealism,street,square,female,nude,night,moon,architecture,columns,greek
0000990.jpeg,portrait,surrealism,female,women,nude,furniture,decoration,statue,interior,bed,room,doors
0000991.jpeg,painting,nu,surrealism,street,female,women,nude,decoration,bed,houses,train
0000992.jpeg,painting,surrealism,female,women,nude,furniture,decoration,curtains,interior,room
0000993.jpeg,symbolic,painting,surrealism,skeletons,skulls,group,scene
0000994.jpeg,portrait,surrealism,female,nude,woman,lie,bed,scene,train
0000995.jpeg,symbolic,painting,surrealism,allegorical,skeletons,skulls,lie,scene
0000996.jpeg,symbolic,allegories,painting,surrealism,skeletons,skulls,group,crucifixion,religious,scene
0000997.jpeg,painting,nu,surrealism,female,nude,women,scene,curtains,decoration,lamp
0000998.jpeg,painting,surrealism,female,women,group,bed,furniture,decoration,interior,staircases,annunciation
0000999.jpeg,cityscape,metaphysical,art,female,houses,buildings,roads,station,night,moon
0001000.jpeg,religious,painting,surrealism,christianity,jesus,christ,crucifixion,skeletons,skulls,crowd
0001001.jpeg,symbolic,painting,surrealism,skeletons,skulls,tomb,street,trees,scene
0001002.jpeg,city,cityscape,surrealism,railroad,trains,vehicles,night,moon,buildings
0001003.jpeg,painting,surrealism,male,female,nude,furniture,decoration,room,streetlamps
0001004.jpeg,landscape,surrealism,female,male,nude,lake,pond,trees,animals,deers
0001005.jpeg,city,cityscape,surrealism,railroad,trains,vehicles,buildings,trees
0001006.jpeg,painting,surrealism,female,nude,scientists,garden,trees,buildings,night,moon
0001007.jpeg,city,cityscape,surrealism,street,female,nude,twilight,night,house,trees
0001008.jpeg,city,cityscape,surrealism,houses,buildings,train,female,nude,trees
0001009.jpeg,city,cityscape,surrealism,female,girl,street,trees,house,building
0001010.jpeg,painting,surrealism,female,women,nude,forests,trees,table,scientist,male
0001011.jpeg,city,cityscape,surrealism,streets,square,female,women,nude,forests,trees,trains,buildings
0001012.jpeg,painting,surrealism,scientists,male,female,nude,gardens,parks,trees
0001013.jpeg,painting,surrealism,female,nude,group,night,mirror
0001014.jpeg,city,cityscape,surrealism,square,houses,buildings,night,trees,garden,people
0001015.jpeg,painting,surrealism,street,group,female,nude,forests,trees,scenery
0001016.jpeg,painting,surrealism,group,female,nude,lie,furniture,decoration,room,lamps,scene
0001017.jpeg,city,cityscape,surrealism,street,female,nude,lie,forests,trees,night,streetlamps
0001018.jpeg,painting,surrealism,female,woman,sea,scenery,trees,buildings
0001019.jpeg,religious,painting,surrealism,female,group,sea,trees,scene
0001020.jpeg,religious,painting,surrealism,group,female,nude,bed,columns,buildings,streetlamps
0001021.jpeg,painting,surrealism,female,nude,crowd,buildings,scenery
0001022.jpeg,portrait,surrealism,female,woman,nude,house,night
0001023.jpeg,nude,painting,nu,surrealism,female,nude,women,bed,furniture,decoration,night,lamps,lights
0001024.jpeg,portrait,surrealism,female,woman,portrait,house,scenery,buildings,garden,trees
0001025.jpeg,portrait,surrealism,female,woman,nude,reading,book,trees,garden,buildings
0001026.jpeg,painting,surrealism,houses,buildings,female,women,nude,crowd
0001027.jpeg,painting,surrealism,female,women,group,nude,gardens,parks,trees,night,moon
0001028.jpeg,painting,surrealism,female,nude,reading,book,sitting,man,trees,flowers,night,dark
0001029.jpeg,painting,surrealism,female,male,nude,children,scientists
0001030.jpeg,painting,surrealism,women,group,female,nude,forests,trees,scene
0001031.jpeg,painting,surrealism,road,train,vehicle,female,nude,women,bed,lie,group,buildings
0001032.jpeg,painting,surrealism,female,women,nude,monuments,columns,colonnades
0001033.jpeg,surrealism,female,women,group,nude,twilight,night,moon,tree
0001034.jpeg,painting,surrealism,portrait,female,nude,women,group,scenery
0001035.jpeg,painting,surrealism,female,children,crowd,portrait,square,mirror,staircases
0001036.jpeg,painting,surrealism,group,female,women,nude,twilight,night,moon,architecture,greek,colonnades
0001037.jpeg,painting,surrealism,female,group,people,city,greek,trees,scene
0001038.jpeg,portrait,metaphysical,female,nude,lie,fantasy,mermaid,night,moon,stars,trees,buildings,tower
0001039.jpeg,portrait,surrealism,female,women,portrait,door,trees,sea,scenery
0001040.jpeg,painting,surrealism,women,female,nude,furniture,decoration,room
0001041.jpeg,painting,metaphysical,female,women,nude,buildings,colonnades,trees
0001042.jpeg,painting,portrait,expressionism,female,portrait,hat,ribbon
0001043.jpeg,mythological,painting,surrealism,bird,swan,animal,female,woman,nude,greek,roman,mythology
0001044.jpeg,painting,surrealism,female,nude,trees,scene,night,moon
0001045.jpeg,painting,surrealism,female,crowd,male,nude,forests,trees
0001046.jpeg,painting,expressionism,female,nude,male
0001047.jpeg,portrait,cubism,geometric,male,painting,colors
0001048.jpeg,expressionism,symbolic,painting,art,patterns
0001049.jpeg,religious,painting,renaissance,christianity,saints,apostles,jesus,christ,crucifixion
0001050.jpeg,religious,painting,renaissance,christianity,god,father
0001051.jpeg,religious,painting,renaissance,christianity,saint,apostle
0001052.jpeg,religious,painting,renaissance,christianity,saint,apostle
0001053.jpeg,religious,painting,renaissance,christianity,saint,apostle
0001054.jpeg,religious,painting,renaissance,christianity,saints,apostles,god,father
0001055.jpeg,religious,painting,renaissance,christianity,saints,apostles,jesus,christ,mary,patterns
0001056.jpeg,religious,painting,renaissance,christianity,saints,apostles,jesus,christ,children,virgin,mary
0001059.jpeg,religious,painting,renaissance,christianity,angels,archangels,window,ornament,painting
0001060.jpeg,religious,painting,renaissance,christianity,saints,apostles,angels,archangels,window,ornament,painting
0001061.jpeg,religious,painting,renaissance,christianity,saints,apostles,angels,archangels,window,ornament,painting,virgin,mary,crucifixion
0001062.jpeg,religious,painting,renaissance,christianity,jesus,christ,crucifixion,windows,decoration
0001063.jpeg,religious,painting,renaissance,christianity,saints,apostles,jesus,christ,last,supper,decoration
0001065.jpeg,religious,painting,renaissance,christianity,jesus,christ,ornament
0001066.jpeg,religious,painting,renaissance,christianity,saints,apostles,jesus,christ,crucifixion,virgin,mary,scene
0001067.jpeg,renaissance,male,man,portrait,famous,robe
0001068.jpeg,religious,painting,renaissance,christianity,portrait,woman,ornament
0001069.jpeg,renaissance,male,man,portrait,famous,knight,warrior
0001070.jpeg,portrait,renaissance,male,man,robe,book,holding
0001072.jpeg,renaissance,male,man,portrait,famous,stick,robe
0001073.jpeg,religious,painting,renaissance,christianity,saints,apostles,symbolic,allegories,angels
0001074.jpeg,renaissance,male,man,portrait,famous,robe,red,book,holding
0001075.jpeg,religious,painting,renaissance,christianity,female,woman,portrait,ornament
0001076.jpeg,religious,painting,renaissance,christianity,woman,female,portrait,ornaments
0001077.jpeg,painting,renaissance,woman,portrait,mythological,greek,roman,mythology
0001078.jpeg,religious,painting,renaissance,christianity,david,famous,scene
0001079.jpeg,religious,painting,renaissance,christianity,saints,apostles,jesus,christ,god,father,holy,spirit,trinity,allegories,saints
0001080.jpeg,religious,painting,renaissance,christianity,saints,apostles,jesus,christ,allegories,holy,buildings
0001081.jpeg,religious,painting,renaissance,christianity,saints,apostles,jesus,christ,crucifixion,virgin,mary,saints
0001082.jpeg,portrait,renaissance,horsemen,knight,rider,monuments,statues,ornaments
0001083.jpeg,portrait,renaissance,male,man,robe
0001086.jpeg,religious,renaissance,christianity,holy,colorless,drawing
0001087.jpeg,portrait,renaissance,male,men,red,double
0001093.jpeg,portrait,expressionism,male,man,painting
0001094.jpeg,portrait,expressionism,male,man,painting
0001095.jpeg,portrait,expressionism,male,man,painting
0001096.jpeg,sketch,study,expressionism,female,nude,lie,colorless
0001097.jpeg,art,sculpture,expressionism,male,man,portraits
0001098.jpeg,sketch,study,drawing,expressionism,female,nude,colorless
0001099.jpeg,sketch,study,drawing,expressionism,female,colorless
0001100.jpeg,painting,portrait,expressionism,female,woman
0001107.jpeg,realism,fruits,melon,peach,vegetables,food,beverages,grapes,wine,bottle,glass
0001108.jpeg,fruits,vegetables,food,tomato,lettuce
0001109.jpeg,realism,fruits,vegetables,grapes,food
0001110.jpeg,impressionism,realism,fruits,grapes,melon,peach,vegetables,food,beverages
0001111.jpeg,portrait,realism,child,black,dark
0001112.jpeg,painting,impressionism,realism,male,portrait,sitting
0001113.jpeg,portrait,impressionism,female,woman,necklace
0001114.jpeg,painting,impressionism,orientalism,local,traditional,male,portrait,furniture
0001115.jpeg,painting,impressionism,orientalism,child,portrait,bird,animal
0001116.jpeg,landscape,painting,impressionism,scenery,herd,graze,shepherd,tree
0001117.jpeg,portrait,impressionism,female,woman,black,dark
0001118.jpeg,cityscape,impressionism,house,building,balcony,flowers
0001119.jpeg,realism,food,seafood,fish,meat
0001120.jpeg,painting,impressionism,furniture,decoration,workshop,man
0001121.jpeg,portrait,impressionism,male,elder
0001122.jpeg,portrait,realism,male,beard,dark,black
0001123.jpeg,portrait,impressionism,male,painting
0001124.jpeg,portrait,impressionism,famous,female,woman
0001125.jpeg,portrait,impressionism,female,child,dancing
0001126.jpeg,interior,impressionism,furniture,decoration,room,painting
0001127.jpeg,cityscape,impressionism,market,shop,workshop,painting
0001128.jpeg,portrait,impressionism,female,woman,music,instrument
0001129.jpeg,portrait,impressionism,female,girl,painting
0001130.jpeg,painting,impressionism,furniture,decoration,workshop,room,couple,painters
0001131.jpeg,portrait,impressionism,female,woman,profile
0001132.jpeg,painting,cityscape,impressionism,architecture,buildings,trees
0001133.jpeg,painting,impressionism,female,woman,portrait,dancing
0001134.jpeg,painting,impressionism,boats,ships,sea,ocean
0001135.jpeg,painting,impressionism,male,traditional,orientalism,vase
0001136.jpeg,impressionism,flower,plant,cutlery,bird,parrot,animal
0001137.jpeg,painting,impressionism,orientalism,male,traditional
0001138.jpeg,impressionism,flowers,flowerpot,dark
0001139.jpeg,painting,impressionism,furniture,decoration,room,bed,woman,female
0001140.jpeg,landscape,impressionism,street,countryside,houses,animal
0001141.jpeg,landscape,impressionism,streets,houses,buildings,sunlight
0001142.jpeg,interior,room,painting,painter,impressionism,furniture,male,decoration,workshop
0001143.jpeg,cityscape,impressionism,houses,buildings,road,wall,scene,people,smoke
0001144.jpeg,landscape,impressionism,houses,fields,plains,gradd,scenery,painting
0001145.jpeg,portrait,impressionism,female,woman,chair,sitting
0001147.jpeg,impressionism,famous,female,woman,room,interior,decoration
0001148.jpeg,portrait,impressionism,famous,female,woman,chair,sitting,flowers
0001149.jpeg,self,impressionism,male,man,portrait,famous
0001150.jpeg,painting,impressionism,child,female,portrait,table,furniture
0001151.jpeg,painting,impressionism,vase,cup,table,decoration
0001152.jpeg,painting,impressionism,elder,couple,sitting,bench,windows
0001153.jpeg,portrait,impressionism,female,woman,mirror,self
0001154.jpeg,painting,impressionism,furniture,decoration,windows,room,elder,woman
0001155.jpeg,painting,impressionism,male,sitting,tree,garden
0001156.jpeg,portrait,impressionism,child,papers,chair,room
0001157.jpeg,painting,impressionism,sea,beach,tables,chairs,woman,sitting
0001158.jpeg,painting,impressionism,furniture,decoration,woman,female,sitting
0001159.jpeg,painting,impressionism,furniture,decoration,room,woman,female,sitting
0001160.jpeg,portrait,impressionism,male,man,mustache,famous
0001161.jpeg,painting,impressionism,female,woman,portrait,sitting
0001162.jpeg,landscape,impressionism,sea,ocean,waves,scenery
0001163.jpeg,animal,dog,lie,painting,impressionism
0001164.jpeg,study,impressionism,male,man,portrait,back
0001165.jpeg,impressionism,female,woman,back,chair,sitting,portrait
0001166.jpeg,landscape,impressionism,fields,plains,trees,grass,scenery
0001167.jpeg,portrait,impressionism,male,man,famous
0001168.jpeg,portrait,impressionism,female,woman,stylish
0001169.jpeg,portrait,realism,female,portrait,woman,hat,smile
0001170.jpeg,portrait,impressionism,female,portrait,woman,hat
0001171.jpeg,painting,landscape,impressionism,trees,bridge,river
0001172.jpeg,portrait,impressionism,female,woman,chair,sitting
0001173.jpeg,portrait,impressionism,female,woman,sitting
0001174.jpeg,portrait,impressionism,female,girl,music,dancing
0001175.jpeg,landscape,scenery,impressionism,houses,buildings,roads,trees
0001176.jpeg,portrait,impressionism,female,woman,music,instrument,guitar
0001177.jpeg,painting,impressionism,female,portrait,woman,music,instrument
0001178.jpeg,cityscape,impressionism,boats,ships,sea
0001179.jpeg,portrait,realism,child,female,girl,dark
0001180.jpeg,landscape,impressionism,fields,plains,grass,people
0001181.jpeg,portrait,impressionism,female,woman,thoughtful,armchair,sitting
0001182.jpeg,portrait,realism,female,woman
0001183.jpeg,painting,realism,woman,female,river,boat,scenery
0001184.jpeg,portrait,impressionism,female,girl,chair
0001185.jpeg,portrait,impressionism,male,boy,dog,animal,pet
0001186.jpeg,portrait,painting,impressionism,female,woman,white
0001187.jpeg,landscape,impressionism,flowers,plants,garden,park,trees
0001188.jpeg,landscape,scenery,impressionism,fields,plains,forests,trees
0001189.jpeg,painting,impressionism,garden,fields,plains,forests,trees,woman,bench,sitting
0001190.jpeg,landscape,impressionism,boats,river,trees,scenery
0001191.jpeg,landscape,impressionism,sea,beach,scenery
0001192.jpeg,portrait,painting,impressionism,female,woman
0001193.jpeg,portrait,impressionism,woman,female,stylish
0001194.jpeg,landscape,scenery,impressionism,river,boat,trees,woman
0001195.jpeg,landscape,scenery,impressionism,garden,park,trees
0001196.jpeg,impressionism,painting,river,boats,ships,scenery
0001197.jpeg,painting,impressionism,female,woman,reading,paper,chair,sitting,dark
0001198.jpeg,painting,impressionism,female,woman,window,curtain,room,indoor
0001199.jpeg,portrait,impressionism,female,woman,stylish
0001200.jpeg,painting,impressionism,woman,scene,laundry,clothes,trees